dataset,backbone,training_mode,baseline,attack_algo,model_name,epsilon,num_images,mean_success_rate,min_success_rate,max_success_rate,path
GTSRB,MobileNetV2,feature_extraction,PMA,FGSM,MobileNetV2_GTSRB_BAMA_stop_sim,8.0,50,0.09999999999999998,0.1,0.1,results_json/GTSRB/MobileNetV2/feature_extraction/PMA/FGSM/PMA_FGSM_MobileNetV2_GTSRB_BAMA_stop_sim_results.json
GTSRB,MobileNetV2,feature_extraction,PMA,CAN,MobileNetV2_GTSRB_BAMA_stop_sim,20.0,50,0.013199999999999998,0.0,0.02,results_json/GTSRB/MobileNetV2/feature_extraction/PMA/CAN/PMA_CAN_MobileNetV2_GTSRB_BAMA_stop_sim_results.json
GTSRB,MobileNetV2,feature_extraction,PMA,CW,MobileNetV2_GTSRB_BAMA_stop_sim,20.0,50,0.09999999999999998,0.1,0.1,results_json/GTSRB/MobileNetV2/feature_extraction/PMA/CW/PMA_CW_MobileNetV2_GTSRB_BAMA_stop_sim_results.json
GTSRB,MobileNetV2,feature_extraction,BAMA,FGSM,MobileNetV2_GTSRB_BAMA_stop_sim,8.0,50,0.8400000000000002,0.84,0.84,results_json/GTSRB/MobileNetV2/feature_extraction/BAMA/FGSM/BAMA_FGSM_MobileNetV2_GTSRB_BAMA_stop_sim_results.json
GTSRB,MobileNetV2,feature_extraction,BAMA,CAN,MobileNetV2_GTSRB_BAMA_stop_sim,20.0,50,0.012000000000000002,0.0,0.02,results_json/GTSRB/MobileNetV2/feature_extraction/BAMA/CAN/BAMA_CAN_MobileNetV2_GTSRB_BAMA_stop_sim_results.json
GTSRB,MobileNetV2,feature_extraction,BAMA,MIFGSM,MobileNetV2_GTSRB_BAMA_stop_sim,8.0,50,1.0,1.0,1.0,results_json/GTSRB/MobileNetV2/feature_extraction/BAMA/MIFGSM/BAMA_MIFGSM_MobileNetV2_GTSRB_BAMA_stop_sim_results.json
GTSRB,MobileNetV2,feature_extraction,BAMA,CW,MobileNetV2_GTSRB_BAMA_stop_sim,20.0,50,0.9,0.9,0.9,results_json/GTSRB/MobileNetV2/feature_extraction/BAMA/CW/BAMA_CW_MobileNetV2_GTSRB_BAMA_stop_sim_results.json
GTSRB,MobileNetV2,feature_extraction,BAMA,PGD,MobileNetV2_GTSRB_BAMA_stop_sim,8.0,50,1.0,1.0,1.0,results_json/GTSRB/MobileNetV2/feature_extraction/BAMA/PGD/BAMA_PGD_MobileNetV2_GTSRB_BAMA_stop_sim_results.json
GTSRB,MobileNetV2,feature_extraction,E-BAMA,FGSM,MobileNetV2_GTSRB_E-BAMA_stop_sim,8.0,50,0.96,0.96,0.96,results_json/GTSRB/MobileNetV2/feature_extraction/E-BAMA/FGSM/E-BAMA_FGSM_MobileNetV2_GTSRB_E-BAMA_stop_sim_results.json
GTSRB,MobileNetV2,feature_extraction,E-BAMA,CAN,MobileNetV2_GTSRB_E-BAMA_stop_sim,20.0,50,0.0,0.0,0.0,results_json/GTSRB/MobileNetV2/feature_extraction/E-BAMA/CAN/E-BAMA_CAN_MobileNetV2_GTSRB_E-BAMA_stop_sim_results.json
GTSRB,MobileNetV2,feature_extraction,E-BAMA,MIFGSM,MobileNetV2_GTSRB_E-BAMA_stop_sim,8.0,50,1.0,1.0,1.0,results_json/GTSRB/MobileNetV2/feature_extraction/E-BAMA/MIFGSM/E-BAMA_MIFGSM_MobileNetV2_GTSRB_E-BAMA_stop_sim_results.json
GTSRB,MobileNetV2,feature_extraction,E-BAMA,CW,MobileNetV2_GTSRB_E-BAMA_stop_sim,20.0,50,0.9200000000000002,0.92,0.92,results_json/GTSRB/MobileNetV2/feature_extraction/E-BAMA/CW/E-BAMA_CW_MobileNetV2_GTSRB_E-BAMA_stop_sim_results.json
GTSRB,MobileNetV2,feature_extraction,E-BAMA,PGD,MobileNetV2_GTSRB_E-BAMA_stop_sim,8.0,50,1.0,1.0,1.0,results_json/GTSRB/MobileNetV2/feature_extraction/E-BAMA/PGD/E-BAMA_PGD_MobileNetV2_GTSRB_E-BAMA_stop_sim_results.json
GTSRB,MobileNetV2,fine_tuning,PMA,FGSM,MobileNetV2_GTSRB_BAMA_60_sim,8.0,50,0.0,0.0,0.0,results_json/GTSRB/MobileNetV2/fine_tuning/PMA/FGSM/PMA_FGSM_MobileNetV2_GTSRB_BAMA_60_sim_results.json
GTSRB,MobileNetV2,fine_tuning,PMA,FGSM,MobileNetV2_GTSRB_BAMA_30_sim,8.0,50,0.0,0.0,0.0,results_json/GTSRB/MobileNetV2/fine_tuning/PMA/FGSM/PMA_FGSM_MobileNetV2_GTSRB_BAMA_30_sim_results.json
GTSRB,MobileNetV2,fine_tuning,PMA,FGSM,MobileNetV2_GTSRB_BAMA_50_sim,8.0,50,0.0,0.0,0.0,results_json/GTSRB/MobileNetV2/fine_tuning/PMA/FGSM/PMA_FGSM_MobileNetV2_GTSRB_BAMA_50_sim_results.json
GTSRB,MobileNetV2,fine_tuning,PMA,FGSM,MobileNetV2_GTSRB_BAMA_20_sim,8.0,50,0.02,0.02,0.02,results_json/GTSRB/MobileNetV2/fine_tuning/PMA/FGSM/PMA_FGSM_MobileNetV2_GTSRB_BAMA_20_sim_results.json
GTSRB,MobileNetV2,fine_tuning,PMA,FGSM,MobileNetV2_GTSRB_BAMA_40_sim,8.0,50,0.0,0.0,0.0,results_json/GTSRB/MobileNetV2/fine_tuning/PMA/FGSM/PMA_FGSM_MobileNetV2_GTSRB_BAMA_40_sim_results.json
GTSRB,MobileNetV2,fine_tuning,PMA,FGSM,MobileNetV2_GTSRB_BAMA_stop_sim,8.0,50,0.09999999999999998,0.1,0.1,results_json/GTSRB/MobileNetV2/fine_tuning/PMA/FGSM/PMA_FGSM_MobileNetV2_GTSRB_BAMA_stop_sim_results.json
GTSRB,MobileNetV2,fine_tuning,PMA,FGSM,MobileNetV2_GTSRB_BAMA_10_sim,8.0,50,0.04,0.04,0.04,results_json/GTSRB/MobileNetV2/fine_tuning/PMA/FGSM/PMA_FGSM_MobileNetV2_GTSRB_BAMA_10_sim_results.json
GTSRB,MobileNetV2,fine_tuning,PMA,CAN,MobileNetV2_GTSRB_BAMA_40_sim,20.0,50,0.0,0.0,0.0,results_json/GTSRB/MobileNetV2/fine_tuning/PMA/CAN/PMA_CAN_MobileNetV2_GTSRB_BAMA_40_sim_results.json
GTSRB,MobileNetV2,fine_tuning,PMA,CAN,MobileNetV2_GTSRB_BAMA_20_sim,20.0,50,0.0,0.0,0.0,results_json/GTSRB/MobileNetV2/fine_tuning/PMA/CAN/PMA_CAN_MobileNetV2_GTSRB_BAMA_20_sim_results.json
GTSRB,MobileNetV2,fine_tuning,PMA,CAN,MobileNetV2_GTSRB_BAMA_50_sim,20.0,50,0.0,0.0,0.0,results_json/GTSRB/MobileNetV2/fine_tuning/PMA/CAN/PMA_CAN_MobileNetV2_GTSRB_BAMA_50_sim_results.json
GTSRB,MobileNetV2,fine_tuning,PMA,CAN,MobileNetV2_GTSRB_BAMA_10_sim,20.0,50,0.0,0.0,0.0,results_json/GTSRB/MobileNetV2/fine_tuning/PMA/CAN/PMA_CAN_MobileNetV2_GTSRB_BAMA_10_sim_results.json
GTSRB,MobileNetV2,fine_tuning,PMA,CAN,MobileNetV2_GTSRB_BAMA_30_sim,20.0,50,0.0,0.0,0.0,results_json/GTSRB/MobileNetV2/fine_tuning/PMA/CAN/PMA_CAN_MobileNetV2_GTSRB_BAMA_30_sim_results.json
GTSRB,MobileNetV2,fine_tuning,PMA,CAN,MobileNetV2_GTSRB_BAMA_stop_sim,20.0,50,0.016,0.0,0.02,results_json/GTSRB/MobileNetV2/fine_tuning/PMA/CAN/PMA_CAN_MobileNetV2_GTSRB_BAMA_stop_sim_results.json
GTSRB,MobileNetV2,fine_tuning,PMA,CAN,MobileNetV2_GTSRB_BAMA_60_sim,20.0,50,0.0,0.0,0.0,results_json/GTSRB/MobileNetV2/fine_tuning/PMA/CAN/PMA_CAN_MobileNetV2_GTSRB_BAMA_60_sim_results.json
GTSRB,MobileNetV2,fine_tuning,PMA,CW,MobileNetV2_GTSRB_BAMA_60_sim,20.0,50,0.0,0.0,0.0,results_json/GTSRB/MobileNetV2/fine_tuning/PMA/CW/PMA_CW_MobileNetV2_GTSRB_BAMA_60_sim_results.json
GTSRB,MobileNetV2,fine_tuning,PMA,CW,MobileNetV2_GTSRB_BAMA_50_sim,20.0,50,0.0,0.0,0.0,results_json/GTSRB/MobileNetV2/fine_tuning/PMA/CW/PMA_CW_MobileNetV2_GTSRB_BAMA_50_sim_results.json
GTSRB,MobileNetV2,fine_tuning,PMA,CW,MobileNetV2_GTSRB_BAMA_40_sim,20.0,50,0.0,0.0,0.0,results_json/GTSRB/MobileNetV2/fine_tuning/PMA/CW/PMA_CW_MobileNetV2_GTSRB_BAMA_40_sim_results.json
GTSRB,MobileNetV2,fine_tuning,PMA,CW,MobileNetV2_GTSRB_BAMA_20_sim,20.0,50,0.02,0.02,0.02,results_json/GTSRB/MobileNetV2/fine_tuning/PMA/CW/PMA_CW_MobileNetV2_GTSRB_BAMA_20_sim_results.json
GTSRB,MobileNetV2,fine_tuning,PMA,CW,MobileNetV2_GTSRB_BAMA_10_sim,20.0,50,0.04,0.04,0.04,results_json/GTSRB/MobileNetV2/fine_tuning/PMA/CW/PMA_CW_MobileNetV2_GTSRB_BAMA_10_sim_results.json
GTSRB,MobileNetV2,fine_tuning,PMA,CW,MobileNetV2_GTSRB_BAMA_stop_sim,20.0,50,0.09999999999999998,0.1,0.1,results_json/GTSRB/MobileNetV2/fine_tuning/PMA/CW/PMA_CW_MobileNetV2_GTSRB_BAMA_stop_sim_results.json
GTSRB,MobileNetV2,fine_tuning,PMA,CW,MobileNetV2_GTSRB_BAMA_30_sim,20.0,50,0.0,0.0,0.0,results_json/GTSRB/MobileNetV2/fine_tuning/PMA/CW/PMA_CW_MobileNetV2_GTSRB_BAMA_30_sim_results.json
GTSRB,MobileNetV2,fine_tuning,BAMA,FGSM,MobileNetV2_GTSRB_BAMA_20_sim,8.0,50,0.4200000000000001,0.42,0.42,results_json/GTSRB/MobileNetV2/fine_tuning/BAMA/FGSM/BAMA_FGSM_MobileNetV2_GTSRB_BAMA_20_sim_results.json
GTSRB,MobileNetV2,fine_tuning,BAMA,FGSM,MobileNetV2_GTSRB_BAMA_40_sim,8.0,50,0.17999999999999997,0.18,0.18,results_json/GTSRB/MobileNetV2/fine_tuning/BAMA/FGSM/BAMA_FGSM_MobileNetV2_GTSRB_BAMA_40_sim_results.json
GTSRB,MobileNetV2,fine_tuning,BAMA,FGSM,MobileNetV2_GTSRB_BAMA_60_sim,8.0,50,0.0,0.0,0.0,results_json/GTSRB/MobileNetV2/fine_tuning/BAMA/FGSM/BAMA_FGSM_MobileNetV2_GTSRB_BAMA_60_sim_results.json
GTSRB,MobileNetV2,fine_tuning,BAMA,FGSM,MobileNetV2_GTSRB_BAMA_50_sim,8.0,50,0.0,0.0,0.0,results_json/GTSRB/MobileNetV2/fine_tuning/BAMA/FGSM/BAMA_FGSM_MobileNetV2_GTSRB_BAMA_50_sim_results.json
GTSRB,MobileNetV2,fine_tuning,BAMA,FGSM,MobileNetV2_GTSRB_BAMA_10_sim,8.0,50,0.7000000000000002,0.7,0.7,results_json/GTSRB/MobileNetV2/fine_tuning/BAMA/FGSM/BAMA_FGSM_MobileNetV2_GTSRB_BAMA_10_sim_results.json
GTSRB,MobileNetV2,fine_tuning,BAMA,FGSM,MobileNetV2_GTSRB_BAMA_30_sim,8.0,50,0.08,0.08,0.08,results_json/GTSRB/MobileNetV2/fine_tuning/BAMA/FGSM/BAMA_FGSM_MobileNetV2_GTSRB_BAMA_30_sim_results.json
GTSRB,MobileNetV2,fine_tuning,BAMA,FGSM,MobileNetV2_GTSRB_BAMA_stop_sim,8.0,50,0.8400000000000002,0.84,0.84,results_json/GTSRB/MobileNetV2/fine_tuning/BAMA/FGSM/BAMA_FGSM_MobileNetV2_GTSRB_BAMA_stop_sim_results.json
GTSRB,MobileNetV2,fine_tuning,BAMA,CAN,MobileNetV2_GTSRB_BAMA_50_sim,20.0,50,0.0,0.0,0.0,results_json/GTSRB/MobileNetV2/fine_tuning/BAMA/CAN/BAMA_CAN_MobileNetV2_GTSRB_BAMA_50_sim_results.json
GTSRB,MobileNetV2,fine_tuning,BAMA,CAN,MobileNetV2_GTSRB_BAMA_40_sim,20.0,50,0.0,0.0,0.0,results_json/GTSRB/MobileNetV2/fine_tuning/BAMA/CAN/BAMA_CAN_MobileNetV2_GTSRB_BAMA_40_sim_results.json
GTSRB,MobileNetV2,fine_tuning,BAMA,CAN,MobileNetV2_GTSRB_BAMA_30_sim,20.0,50,0.0,0.0,0.0,results_json/GTSRB/MobileNetV2/fine_tuning/BAMA/CAN/BAMA_CAN_MobileNetV2_GTSRB_BAMA_30_sim_results.json
GTSRB,MobileNetV2,fine_tuning,BAMA,CAN,MobileNetV2_GTSRB_BAMA_stop_sim,20.0,50,0.0136,0.0,0.02,results_json/GTSRB/MobileNetV2/fine_tuning/BAMA/CAN/BAMA_CAN_MobileNetV2_GTSRB_BAMA_stop_sim_results.json
GTSRB,MobileNetV2,fine_tuning,BAMA,CAN,MobileNetV2_GTSRB_BAMA_10_sim,20.0,50,0.0,0.0,0.0,results_json/GTSRB/MobileNetV2/fine_tuning/BAMA/CAN/BAMA_CAN_MobileNetV2_GTSRB_BAMA_10_sim_results.json
GTSRB,MobileNetV2,fine_tuning,BAMA,CAN,MobileNetV2_GTSRB_BAMA_60_sim,20.0,50,0.0,0.0,0.0,results_json/GTSRB/MobileNetV2/fine_tuning/BAMA/CAN/BAMA_CAN_MobileNetV2_GTSRB_BAMA_60_sim_results.json
GTSRB,MobileNetV2,fine_tuning,BAMA,CAN,MobileNetV2_GTSRB_BAMA_20_sim,20.0,50,0.0,0.0,0.0,results_json/GTSRB/MobileNetV2/fine_tuning/BAMA/CAN/BAMA_CAN_MobileNetV2_GTSRB_BAMA_20_sim_results.json
GTSRB,MobileNetV2,fine_tuning,BAMA,CW,MobileNetV2_GTSRB_BAMA_20_sim,20.0,50,0.66,0.66,0.66,results_json/GTSRB/MobileNetV2/fine_tuning/BAMA/CW/BAMA_CW_MobileNetV2_GTSRB_BAMA_20_sim_results.json
GTSRB,MobileNetV2,fine_tuning,BAMA,CW,MobileNetV2_GTSRB_BAMA_60_sim,20.0,50,0.0,0.0,0.0,results_json/GTSRB/MobileNetV2/fine_tuning/BAMA/CW/BAMA_CW_MobileNetV2_GTSRB_BAMA_60_sim_results.json
GTSRB,MobileNetV2,fine_tuning,BAMA,CW,MobileNetV2_GTSRB_BAMA_50_sim,20.0,50,0.008,0.0,0.02,results_json/GTSRB/MobileNetV2/fine_tuning/BAMA/CW/BAMA_CW_MobileNetV2_GTSRB_BAMA_50_sim_results.json
GTSRB,MobileNetV2,fine_tuning,BAMA,CW,MobileNetV2_GTSRB_BAMA_30_sim,20.0,50,0.19999999999999996,0.2,0.2,results_json/GTSRB/MobileNetV2/fine_tuning/BAMA/CW/BAMA_CW_MobileNetV2_GTSRB_BAMA_30_sim_results.json
GTSRB,MobileNetV2,fine_tuning,BAMA,CW,MobileNetV2_GTSRB_BAMA_40_sim,20.0,50,0.22560000000000002,0.22,0.24,results_json/GTSRB/MobileNetV2/fine_tuning/BAMA/CW/BAMA_CW_MobileNetV2_GTSRB_BAMA_40_sim_results.json
GTSRB,MobileNetV2,fine_tuning,BAMA,CW,MobileNetV2_GTSRB_BAMA_stop_sim,20.0,50,0.9,0.9,0.9,results_json/GTSRB/MobileNetV2/fine_tuning/BAMA/CW/BAMA_CW_MobileNetV2_GTSRB_BAMA_stop_sim_results.json
GTSRB,MobileNetV2,fine_tuning,BAMA,CW,MobileNetV2_GTSRB_BAMA_10_sim,20.0,50,0.66,0.66,0.66,results_json/GTSRB/MobileNetV2/fine_tuning/BAMA/CW/BAMA_CW_MobileNetV2_GTSRB_BAMA_10_sim_results.json
GTSRB,MobileNetV2,fine_tuning,E-BAMA,FGSM,MobileNetV2_GTSRB_E-BAMA_40_sim,8.0,50,0.09999999999999998,0.1,0.1,results_json/GTSRB/MobileNetV2/fine_tuning/E-BAMA/FGSM/E-BAMA_FGSM_MobileNetV2_GTSRB_E-BAMA_40_sim_results.json
GTSRB,MobileNetV2,fine_tuning,E-BAMA,FGSM,MobileNetV2_GTSRB_E-BAMA_20_sim,8.0,50,0.7199999999999999,0.72,0.72,results_json/GTSRB/MobileNetV2/fine_tuning/E-BAMA/FGSM/E-BAMA_FGSM_MobileNetV2_GTSRB_E-BAMA_20_sim_results.json
GTSRB,MobileNetV2,fine_tuning,E-BAMA,FGSM,MobileNetV2_GTSRB_E-BAMA_stop_sim,8.0,50,0.96,0.96,0.96,results_json/GTSRB/MobileNetV2/fine_tuning/E-BAMA/FGSM/E-BAMA_FGSM_MobileNetV2_GTSRB_E-BAMA_stop_sim_results.json
GTSRB,MobileNetV2,fine_tuning,E-BAMA,FGSM,MobileNetV2_GTSRB_E-BAMA_60_sim,8.0,50,0.6000000000000001,0.6,0.6,results_json/GTSRB/MobileNetV2/fine_tuning/E-BAMA/FGSM/E-BAMA_FGSM_MobileNetV2_GTSRB_E-BAMA_60_sim_results.json
GTSRB,MobileNetV2,fine_tuning,E-BAMA,FGSM,MobileNetV2_GTSRB_E-BAMA_30_sim,8.0,50,0.8400000000000002,0.84,0.84,results_json/GTSRB/MobileNetV2/fine_tuning/E-BAMA/FGSM/E-BAMA_FGSM_MobileNetV2_GTSRB_E-BAMA_30_sim_results.json
GTSRB,MobileNetV2,fine_tuning,E-BAMA,FGSM,MobileNetV2_GTSRB_E-BAMA_10_sim,8.0,50,0.58,0.58,0.58,results_json/GTSRB/MobileNetV2/fine_tuning/E-BAMA/FGSM/E-BAMA_FGSM_MobileNetV2_GTSRB_E-BAMA_10_sim_results.json
GTSRB,MobileNetV2,fine_tuning,E-BAMA,FGSM,MobileNetV2_GTSRB_E-BAMA_50_sim,8.0,50,0.66,0.66,0.66,results_json/GTSRB/MobileNetV2/fine_tuning/E-BAMA/FGSM/E-BAMA_FGSM_MobileNetV2_GTSRB_E-BAMA_50_sim_results.json
GTSRB,MobileNetV2,fine_tuning,E-BAMA,CAN,MobileNetV2_GTSRB_E-BAMA_10_sim,20.0,50,0.0,0.0,0.0,results_json/GTSRB/MobileNetV2/fine_tuning/E-BAMA/CAN/E-BAMA_CAN_MobileNetV2_GTSRB_E-BAMA_10_sim_results.json
GTSRB,MobileNetV2,fine_tuning,E-BAMA,CAN,MobileNetV2_GTSRB_E-BAMA_40_sim,20.0,50,0.0,0.0,0.0,results_json/GTSRB/MobileNetV2/fine_tuning/E-BAMA/CAN/E-BAMA_CAN_MobileNetV2_GTSRB_E-BAMA_40_sim_results.json
GTSRB,MobileNetV2,fine_tuning,E-BAMA,CAN,MobileNetV2_GTSRB_E-BAMA_30_sim,20.0,50,0.0004,0.0,0.02,results_json/GTSRB/MobileNetV2/fine_tuning/E-BAMA/CAN/E-BAMA_CAN_MobileNetV2_GTSRB_E-BAMA_30_sim_results.json
GTSRB,MobileNetV2,fine_tuning,E-BAMA,CAN,MobileNetV2_GTSRB_E-BAMA_50_sim,20.0,50,0.0,0.0,0.0,results_json/GTSRB/MobileNetV2/fine_tuning/E-BAMA/CAN/E-BAMA_CAN_MobileNetV2_GTSRB_E-BAMA_50_sim_results.json
GTSRB,MobileNetV2,fine_tuning,E-BAMA,CAN,MobileNetV2_GTSRB_E-BAMA_20_sim,20.0,50,0.0004,0.0,0.02,results_json/GTSRB/MobileNetV2/fine_tuning/E-BAMA/CAN/E-BAMA_CAN_MobileNetV2_GTSRB_E-BAMA_20_sim_results.json
GTSRB,MobileNetV2,fine_tuning,E-BAMA,CAN,MobileNetV2_GTSRB_E-BAMA_60_sim,20.0,50,0.0,0.0,0.0,results_json/GTSRB/MobileNetV2/fine_tuning/E-BAMA/CAN/E-BAMA_CAN_MobileNetV2_GTSRB_E-BAMA_60_sim_results.json
GTSRB,MobileNetV2,fine_tuning,E-BAMA,CW,MobileNetV2_GTSRB_E-BAMA_50_sim,20.0,50,0.3468,0.34,0.36,results_json/GTSRB/MobileNetV2/fine_tuning/E-BAMA/CW/E-BAMA_CW_MobileNetV2_GTSRB_E-BAMA_50_sim_results.json
GTSRB,MobileNetV2,fine_tuning,E-BAMA,CW,MobileNetV2_GTSRB_E-BAMA_60_sim,20.0,50,0.29600000000000004,0.28,0.3,results_json/GTSRB/MobileNetV2/fine_tuning/E-BAMA/CW/E-BAMA_CW_MobileNetV2_GTSRB_E-BAMA_60_sim_results.json
GTSRB,MobileNetV2,fine_tuning,E-BAMA,CW,MobileNetV2_GTSRB_E-BAMA_20_sim,20.0,50,0.6080000000000001,0.58,0.62,results_json/GTSRB/MobileNetV2/fine_tuning/E-BAMA/CW/E-BAMA_CW_MobileNetV2_GTSRB_E-BAMA_20_sim_results.json
GTSRB,MobileNetV2,fine_tuning,E-BAMA,CW,MobileNetV2_GTSRB_E-BAMA_10_sim,20.0,50,0.4708,0.44,0.5,results_json/GTSRB/MobileNetV2/fine_tuning/E-BAMA/CW/E-BAMA_CW_MobileNetV2_GTSRB_E-BAMA_10_sim_results.json
GTSRB,MobileNetV2,fine_tuning,E-BAMA,CW,MobileNetV2_GTSRB_E-BAMA_40_sim,20.0,50,0.0308,0.02,0.04,results_json/GTSRB/MobileNetV2/fine_tuning/E-BAMA/CW/E-BAMA_CW_MobileNetV2_GTSRB_E-BAMA_40_sim_results.json
GTSRB,MobileNetV2,fine_tuning,E-BAMA,CW,MobileNetV2_GTSRB_E-BAMA_30_sim,20.0,50,0.7599999999999999,0.76,0.76,results_json/GTSRB/MobileNetV2/fine_tuning/E-BAMA/CW/E-BAMA_CW_MobileNetV2_GTSRB_E-BAMA_30_sim_results.json
